{
    "First": {
        "Alpha": {
            "Five": [
                -9.52043342590332,
                8.23870849609375,
                0.0
            ],
            "Four": [
                -10.669964790344238,
                -5.364120960235596,
                0.0
            ],
            "Six": [
                -0.21673627197742462,
                -16.798295974731445,
                0.0
            ],
            "one": 0,
            "three": 2.740000009536743,
            "two": 11
        },
        "Four": {
            "one": 3.0
        }
    }
}
